project,setting,n_files,score_mean,yaml_pass_rate,external_pass_rate,yaml_score_mean,external_score_mean
ANierbeck_Karaf-Vertx,CIMig,2,0.0,0.0,0.0,0.0,0.0
AreaFiftyLAN_lancie-api,CIMig,2,0.0,0.0,0.0,0.0,0.0
AtomGraph_Processor,CIMig,2,0.0,0.0,0.0,0.0,0.0
AtomGraph_Processor,Zero-Shot,8,0.5625,0.625,0.5,0.625,0.5
AtomGraph_Processor,Fine-Tuned,2,1.0,1.0,1.0,1.0,1.0
AtomGraph_Processor,Few-Shot,8,0.375,0.5,0.25,0.5,0.25
AuScope_NVCLAnalyticalServices,CIMig,2,0.0,0.0,0.0,0.0,0.0
AuScope_NVCLAnalyticalServices,Zero-Shot,8,0.5,0.5,0.5,0.5,0.5
AuScope_NVCLAnalyticalServices,Fine-Tuned,2,1.0,1.0,1.0,1.0,1.0
AuScope_NVCLAnalyticalServices,Few-Shot,8,0.625,0.625,0.625,0.625,0.625
AxonIQ_axonserver-connector-java,CIMig,2,0.0,0.0,0.0,0.0,0.0
AxonIQ_axonserver-connector-java,Zero-Shot,8,0.8125,0.875,0.75,0.875,0.75
AxonIQ_axonserver-connector-java,Fine-Tuned,2,1.0,1.0,1.0,1.0,1.0
AxonIQ_axonserver-connector-java,Few-Shot,8,0.4375,0.5,0.375,0.5,0.375
BentoBoxWorld_BSkyBlock,CIMig,2,0.0,0.0,0.0,0.0,0.0
BombusMod_BombusMod,CIMig,2,0.0,0.0,0.0,0.0,0.0
BombusMod_BombusMod,Zero-Shot,8,0.5,0.5,0.5,0.5,0.5
BombusMod_BombusMod,Few-Shot,8,0.625,0.625,0.625,0.625,0.625
CST-Group_cst,CIMig,2,0.0,0.0,0.0,0.0,0.0
CST-Group_cst,Zero-Shot,8,0.625,0.625,0.625,0.625,0.625
CST-Group_cst,Fine-Tuned,2,1.0,1.0,1.0,1.0,1.0
CST-Group_cst,Few-Shot,8,0.5625,0.625,0.5,0.625,0.5
CodelyTV_java-basic-skeleton,CIMig,2,0.0,0.0,0.0,0.0,0.0
CodelyTV_java-basic-skeleton,Zero-Shot,8,0.75,0.75,0.75,0.75,0.75
CodelyTV_java-basic-skeleton,Fine-Tuned,2,1.0,1.0,1.0,1.0,1.0
CodelyTV_java-basic-skeleton,Few-Shot,8,0.75,0.75,0.75,0.75,0.75
CompEvol_sampled-ancestors,CIMig,2,0.0,0.0,0.0,0.0,0.0
ConsensusJ_consensusj,CIMig,2,0.5,0.5,0.5,0.5,0.5
ConsensusJ_consensusj,Zero-Shot,8,0.4375,0.5,0.375,0.5,0.375
ConsensusJ_consensusj,Fine-Tuned,2,1.0,1.0,1.0,1.0,1.0
ConsensusJ_consensusj,Few-Shot,8,0.75,0.75,0.75,0.75,0.75
Coolerfall_Android-HttpDownloadManager,CIMig,2,0.0,0.0,0.0,0.0,0.0
Coolerfall_Android-HttpDownloadManager,Zero-Shot,8,0.375,0.5,0.25,0.5,0.25
Coolerfall_Android-HttpDownloadManager,Fine-Tuned,2,1.0,1.0,1.0,1.0,1.0
Coolerfall_Android-HttpDownloadManager,Few-Shot,8,0.75,0.75,0.75,0.75,0.75
CyclopsMC_EvilCraft,CIMig,2,0.25,0.5,0.0,0.5,0.0
Devskiller_friendly-id,CIMig,2,0.0,0.0,0.0,0.0,0.0
EBIvariation_eva-pipeline,CIMig,2,0.0,0.0,0.0,0.0,0.0
EngineHub_WorldEdit,CIMig,2,0.0,0.0,0.0,0.0,0.0
Ericsson_ecchronos,CIMig,2,0.0,0.0,0.0,0.0,0.0
Erigitic_TotalEconomy,CIMig,2,0.0,0.0,0.0,0.0,0.0
FasterXML_jackson-databind,CIMig,2,0.5,0.5,0.5,0.5,0.5
FasterXML_jackson-datatypes-collections,CIMig,2,0.5,0.5,0.5,0.5,0.5
FasterXML_jackson-jr,CIMig,2,0.0,0.0,0.0,0.0,0.0
FasterXML_jackson-jr,Zero-Shot,8,0.75,0.75,0.75,0.75,0.75
FasterXML_jackson-jr,Fine-Tuned,2,1.0,1.0,1.0,1.0,1.0
FasterXML_jackson-jr,Few-Shot,8,0.75,0.75,0.75,0.75,0.75
FluentLenium_FluentLenium,CIMig,2,0.0,0.0,0.0,0.0,0.0
FreeCol_freecol,CIMig,2,0.0,0.0,0.0,0.0,0.0
Gepardec_Hogarama,CIMig,2,0.25,0.5,0.0,0.5,0.0
Gepardec_Hogarama,Zero-Shot,8,0.875,0.875,0.875,0.875,0.875
Gepardec_Hogarama,Fine-Tuned,2,1.0,1.0,1.0,1.0,1.0
Gepardec_Hogarama,Few-Shot,8,0.5,0.5,0.5,0.5,0.5
GrowthcraftCE_Growthcraft-1.12,CIMig,2,0.0,0.0,0.0,0.0,0.0
GrowthcraftCE_Growthcraft-1.12,Zero-Shot,8,0.5625,0.625,0.5,0.625,0.5
GrowthcraftCE_Growthcraft-1.12,Fine-Tuned,2,1.0,1.0,1.0,1.0,1.0
GrowthcraftCE_Growthcraft-1.12,Few-Shot,8,0.625,0.75,0.5,0.75,0.5
Hakky54_mutual-tls-ssl,CIMig,2,0.0,0.0,0.0,0.0,0.0
Hakky54_mutual-tls-ssl,Zero-Shot,8,0.75,0.75,0.75,0.75,0.75
Hakky54_mutual-tls-ssl,Fine-Tuned,2,1.0,1.0,1.0,1.0,1.0
Hakky54_mutual-tls-ssl,Few-Shot,8,0.6875,0.75,0.625,0.75,0.625
IBM_cloudant-java-sdk,CIMig,2,0.0,0.0,0.0,0.0,0.0
Iterable_iterable-android-sdk,CIMig,2,0.0,0.0,0.0,0.0,0.0
JanusGraph_janusgraph-foundationdb,CIMig,2,0.0,0.0,0.0,0.0,0.0
JetBrains_jediterm,CIMig,2,0.5,0.5,0.5,0.5,0.5
JetBrains_jediterm,Zero-Shot,8,0.625,0.625,0.625,0.625,0.625
JetBrains_jediterm,Fine-Tuned,2,1.0,1.0,1.0,1.0,1.0
JetBrains_jediterm,Few-Shot,8,0.75,0.75,0.75,0.75,0.75
JodaOrg_joda-time,CIMig,2,0.0,0.0,0.0,0.0,0.0
JodaOrg_joda-time,Zero-Shot,8,0.6875,0.75,0.625,0.75,0.625
JodaOrg_joda-time,Fine-Tuned,2,1.0,1.0,1.0,1.0,1.0
JodaOrg_joda-time,Few-Shot,8,0.5625,0.625,0.5,0.625,0.5
Kaktushose_LS-ModManager,CIMig,2,0.0,0.0,0.0,0.0,0.0
MilkBowl_VaultAPI,CIMig,2,0.0,0.0,0.0,0.0,0.0
MilkBowl_VaultAPI,Zero-Shot,8,0.4375,0.5,0.375,0.5,0.375
MilkBowl_VaultAPI,Fine-Tuned,2,1.0,1.0,1.0,1.0,1.0
MilkBowl_VaultAPI,Few-Shot,8,0.625,0.75,0.5,0.75,0.5
MineLittlePony_BigPony,CIMig,2,0.25,0.5,0.0,0.5,0.0
MineLittlePony_BigPony,Zero-Shot,8,0.5625,0.625,0.5,0.625,0.5
MineLittlePony_BigPony,Fine-Tuned,2,1.0,1.0,1.0,1.0,1.0
MineLittlePony_BigPony,Few-Shot,8,0.625,0.625,0.625,0.625,0.625
MineLittlePony_HDSkins,CIMig,2,0.0,0.0,0.0,0.0,0.0
MineLittlePony_HDSkins,Zero-Shot,8,0.5625,0.625,0.5,0.625,0.5
MineLittlePony_HDSkins,Fine-Tuned,2,1.0,1.0,1.0,1.0,1.0
MineLittlePony_HDSkins,Few-Shot,8,0.625,0.625,0.625,0.625,0.625
MineLittlePony_MineLittlePony,CIMig,2,0.0,0.0,0.0,0.0,0.0
NetLogo_Matrix-Extension,CIMig,2,0.0,0.0,0.0,0.0,0.0
NetLogo_Matrix-Extension,Zero-Shot,8,0.6875,0.75,0.625,0.75,0.625
NetLogo_Matrix-Extension,Fine-Tuned,2,1.0,1.0,1.0,1.0,1.0
NetLogo_Matrix-Extension,Few-Shot,8,0.75,0.75,0.75,0.75,0.75
OHNLP_MedTagger,CIMig,2,0.0,0.0,0.0,0.0,0.0
OHNLP_MedTagger,Zero-Shot,8,0.375,0.5,0.25,0.5,0.25
OHNLP_MedTagger,Fine-Tuned,2,1.0,1.0,1.0,1.0,1.0
OHNLP_MedTagger,Few-Shot,8,0.4375,0.5,0.375,0.5,0.375
OSGeo_PROJ-JNI,CIMig,2,0.0,0.0,0.0,0.0,0.0
OSGeo_PROJ-JNI,Zero-Shot,8,0.5625,0.625,0.5,0.625,0.5
OSGeo_PROJ-JNI,Fine-Tuned,2,1.0,1.0,1.0,1.0,1.0
OSGeo_PROJ-JNI,Few-Shot,8,0.5,0.5,0.5,0.5,0.5
OpenLiberty_ci.maven,CIMig,2,0.0,0.0,0.0,0.0,0.0
OpenLiberty_ci.maven,Zero-Shot,8,0.5625,0.75,0.375,0.75,0.375
OpenLiberty_ci.maven,Fine-Tuned,2,1.0,1.0,1.0,1.0,1.0
OpenLiberty_ci.maven,Few-Shot,8,0.625,0.625,0.625,0.625,0.625
OpenLiberty_guide-arquillian-managed,CIMig,2,0.0,0.0,0.0,0.0,0.0
OpenLiberty_guide-arquillian-managed,Zero-Shot,8,0.4375,0.5,0.375,0.5,0.375
OpenLiberty_guide-arquillian-managed,Fine-Tuned,2,1.0,1.0,1.0,1.0,1.0
OpenLiberty_guide-arquillian-managed,Few-Shot,8,0.5625,0.625,0.5,0.625,0.5
OpenLiberty_guide-cloud-azure,CIMig,2,0.0,0.0,0.0,0.0,0.0
OpenLiberty_guide-cloud-azure,Zero-Shot,8,0.5,0.5,0.5,0.5,0.5
OpenLiberty_guide-cloud-azure,Fine-Tuned,2,1.0,1.0,1.0,1.0,1.0
OpenLiberty_guide-cloud-azure,Few-Shot,8,0.625,0.625,0.625,0.625,0.625
Paul2708_simple-commands,CIMig,2,0.0,0.0,0.0,0.0,0.0
Paul2708_simple-commands,Zero-Shot,8,0.375,0.375,0.375,0.375,0.375
Paul2708_simple-commands,Fine-Tuned,2,1.0,1.0,1.0,1.0,1.0
Paul2708_simple-commands,Few-Shot,8,0.8125,0.875,0.75,0.875,0.75
PepperLola_playerinfo,CIMig,2,0.0,0.0,0.0,0.0,0.0
PepperLola_playerinfo,Zero-Shot,8,0.1875,0.25,0.125,0.25,0.125
PepperLola_playerinfo,Fine-Tuned,2,1.0,1.0,1.0,1.0,1.0
PepperLola_playerinfo,Few-Shot,8,0.4375,0.5,0.375,0.5,0.375
Pi4J_pi4j-v2,CIMig,2,0.0,0.0,0.0,0.0,0.0
Pi4J_pi4j-v2,Zero-Shot,8,0.4375,0.5,0.375,0.5,0.375
Pi4J_pi4j-v2,Fine-Tuned,2,1.0,1.0,1.0,1.0,1.0
Pi4J_pi4j-v2,Few-Shot,8,0.5625,0.625,0.5,0.625,0.5
PojavLauncherTeam_PojavLauncher,CIMig,2,0.0,0.0,0.0,0.0,0.0
PojavLauncherTeam_PojavLauncher,Zero-Shot,8,0.6875,0.75,0.625,0.75,0.625
PojavLauncherTeam_PojavLauncher,Fine-Tuned,2,0.75,1.0,0.5,1.0,0.5
PojavLauncherTeam_PojavLauncher,Few-Shot,8,0.5625,0.625,0.5,0.625,0.5
SAP_hybris-commerce-eclipse-plugin,CIMig,2,0.0,0.0,0.0,0.0,0.0
Sandec_JMemoryBuddy,CIMig,2,0.0,0.0,0.0,0.0,0.0
Sandec_JMemoryBuddy,Zero-Shot,8,0.6875,0.75,0.625,0.75,0.625
Sandec_JMemoryBuddy,Fine-Tuned,2,1.0,1.0,1.0,1.0,1.0
Sandec_JMemoryBuddy,Few-Shot,8,0.75,0.75,0.75,0.75,0.75
Smarteon_loxone-java,CIMig,2,0.0,0.0,0.0,0.0,0.0
Smarteon_loxone-java,Zero-Shot,8,0.5625,0.625,0.5,0.625,0.5
Smarteon_loxone-java,Fine-Tuned,2,1.0,1.0,1.0,1.0,1.0
Smarteon_loxone-java,Few-Shot,8,0.5625,0.625,0.5,0.625,0.5
TagnumElite_ProjectE-Integration,CIMig,2,0.25,0.5,0.0,0.5,0.0
TagnumElite_ProjectE-Integration,Zero-Shot,8,0.5,0.625,0.375,0.625,0.375
TagnumElite_ProjectE-Integration,Fine-Tuned,2,1.0,1.0,1.0,1.0,1.0
TagnumElite_ProjectE-Integration,Few-Shot,8,0.5625,0.625,0.5,0.625,0.5
ThatKawaiiSam_Assemble,CIMig,2,0.0,0.0,0.0,0.0,0.0
ThatKawaiiSam_Assemble,Zero-Shot,8,0.75,0.75,0.75,0.75,0.75
ThatKawaiiSam_Assemble,Fine-Tuned,2,1.0,1.0,1.0,1.0,1.0
ThatKawaiiSam_Assemble,Few-Shot,8,0.5625,0.625,0.5,0.625,0.5
TrNdy_mastodon-tracking,CIMig,2,0.0,0.0,0.0,0.0,0.0
TrNdy_mastodon-tracking,Zero-Shot,8,0.75,0.875,0.625,0.875,0.625
TrNdy_mastodon-tracking,Fine-Tuned,2,1.0,1.0,1.0,1.0,1.0
TrNdy_mastodon-tracking,Few-Shot,8,0.625,0.625,0.625,0.625,0.625
Twasi_twasi-core,CIMig,2,0.0,0.0,0.0,0.0,0.0
Twasi_twasi-core,Zero-Shot,8,0.6875,0.75,0.625,0.75,0.625
Twasi_twasi-core,Fine-Tuned,2,0.75,1.0,0.5,1.0,0.5
Twasi_twasi-core,Few-Shot,8,0.625,0.75,0.5,0.75,0.5
WISVCH_events,CIMig,2,0.0,0.0,0.0,0.0,0.0
WISVCH_events,Zero-Shot,8,0.4375,0.5,0.375,0.5,0.375
WISVCH_events,Fine-Tuned,2,0.75,1.0,0.5,1.0,0.5
WISVCH_events,Few-Shot,8,0.625,0.75,0.5,0.75,0.5
WojciechZankowski_iextrading4j,CIMig,2,0.0,0.0,0.0,0.0,0.0
YakushevVladimir_BibleQuote-for-Android,CIMig,2,0.0,0.0,0.0,0.0,0.0
YakushevVladimir_BibleQuote-for-Android,Zero-Shot,8,0.625,0.75,0.5,0.75,0.5
YakushevVladimir_BibleQuote-for-Android,Fine-Tuned,2,1.0,1.0,1.0,1.0,1.0
YakushevVladimir_BibleQuote-for-Android,Few-Shot,8,0.6875,0.75,0.625,0.75,0.625
adobe_experience-platform-streaming-connect,CIMig,2,0.0,0.0,0.0,0.0,0.0
adobe_experience-platform-streaming-connect,Zero-Shot,8,0.5,0.5,0.5,0.5,0.5
adobe_experience-platform-streaming-connect,Fine-Tuned,2,1.0,1.0,1.0,1.0,1.0
adobe_experience-platform-streaming-connect,Few-Shot,8,0.5,0.625,0.375,0.625,0.375
agateau_pixelwheels,CIMig,2,0.0,0.0,0.0,0.0,0.0
agateau_pixelwheels,Zero-Shot,8,0.9375,1.0,0.875,1.0,0.875
agateau_pixelwheels,Fine-Tuned,2,1.0,1.0,1.0,1.0,1.0
agateau_pixelwheels,Few-Shot,8,0.5,0.625,0.375,0.625,0.375
airbnb_AirMapView,CIMig,2,0.0,0.0,0.0,0.0,0.0
airlift_aircompressor,CIMig,2,0.0,0.0,0.0,0.0,0.0
akka_alpakka-samples,CIMig,2,0.0,0.0,0.0,0.0,0.0
albertus82_cyclesmod,CIMig,2,0.5,0.5,0.5,0.5,0.5
albertus82_cyclesmod,Zero-Shot,8,0.5625,0.625,0.5,0.625,0.5
albertus82_cyclesmod,Fine-Tuned,2,1.0,1.0,1.0,1.0,1.0
albertus82_cyclesmod,Few-Shot,8,0.625,0.625,0.625,0.625,0.625
albfernandez_joinpdf,CIMig,2,0.0,0.0,0.0,0.0,0.0
alexeytokar_rainbow-rest,CIMig,2,0.0,0.0,0.0,0.0,0.0
alexvasilkov_GestureViews,CIMig,2,0.0,0.0,0.0,0.0,0.0
alexvasilkov_GestureViews,Zero-Shot,8,0.5625,0.625,0.5,0.625,0.5
alexvasilkov_GestureViews,Fine-Tuned,2,1.0,1.0,1.0,1.0,1.0
alexvasilkov_GestureViews,Few-Shot,8,0.4375,0.625,0.25,0.625,0.25
amzn_ion-java,CIMig,2,0.0,0.0,0.0,0.0,0.0
anand1st_sshd-shell-spring-boot,CIMig,2,0.0,0.0,0.0,0.0,0.0
anand1st_sshd-shell-spring-boot,Zero-Shot,8,0.75,0.75,0.75,0.75,0.75
anand1st_sshd-shell-spring-boot,Fine-Tuned,2,1.0,1.0,1.0,1.0,1.0
anand1st_sshd-shell-spring-boot,Few-Shot,8,0.75,0.75,0.75,0.75,0.75
anastaciocintra_escpos-coffee,CIMig,2,0.0,0.0,0.0,0.0,0.0
anastaciocintra_escpos-coffee,Zero-Shot,8,0.625,0.625,0.625,0.625,0.625
anastaciocintra_escpos-coffee,Fine-Tuned,2,1.0,1.0,1.0,1.0,1.0
anastaciocintra_escpos-coffee,Few-Shot,8,0.75,0.75,0.75,0.75,0.75
apache_bahir-flink,CIMig,2,0.0,0.0,0.0,0.0,0.0
apache_calcite,CIMig,2,0.0,0.0,0.0,0.0,0.0
apache_commons-collections,CIMig,2,0.0,0.0,0.0,0.0,0.0
apache_commons-lang,CIMig,2,0.0,0.0,0.0,0.0,0.0
apache_commons-ognl,CIMig,2,0.0,0.0,0.0,0.0,0.0
apache_drill,CIMig,2,0.0,0.0,0.0,0.0,0.0
apache_dubbo-spi-extensions,CIMig,2,0.5,0.5,0.5,0.5,0.5
apache_dubbo-spi-extensions,Zero-Shot,8,0.6875,0.75,0.625,0.75,0.625
apache_dubbo-spi-extensions,Fine-Tuned,2,1.0,1.0,1.0,1.0,1.0
apache_dubbo-spi-extensions,Few-Shot,8,0.375,0.375,0.375,0.375,0.375
apache_maven-enforcer,CIMig,2,0.0,0.0,0.0,0.0,0.0
apache_maven-enforcer,Zero-Shot,8,0.6875,0.75,0.625,0.75,0.625
apache_maven-enforcer,Fine-Tuned,2,1.0,1.0,1.0,1.0,1.0
apache_maven-enforcer,Few-Shot,8,0.6875,0.75,0.625,0.75,0.625
apache_maven-resolver,CIMig,2,0.0,0.0,0.0,0.0,0.0
apache_maven-surefire,CIMig,2,0.5,0.5,0.5,0.5,0.5
apache_parquet-format,CIMig,2,0.0,0.0,0.0,0.0,0.0
apache_parquet-mr,CIMig,2,0.0,0.0,0.0,0.0,0.0
apache_tinkerpop,CIMig,2,0.0,0.0,0.0,0.0,0.0
azarnovdaniil_java-net-course,CIMig,2,0.0,0.0,0.0,0.0,0.0
azarnovdaniil_java-net-course,Zero-Shot,8,0.875,0.875,0.875,0.875,0.875
azarnovdaniil_java-net-course,Fine-Tuned,2,1.0,1.0,1.0,1.0,1.0
azarnovdaniil_java-net-course,Few-Shot,8,0.75,0.75,0.75,0.75,0.75
ballerina-platform_module-ballerina-docker,CIMig,2,0.0,0.0,0.0,0.0,0.0
ballerina-platform_module-ballerina-docker,Zero-Shot,8,0.5625,0.625,0.5,0.625,0.5
ballerina-platform_module-ballerina-docker,Fine-Tuned,2,1.0,1.0,1.0,1.0,1.0
ballerina-platform_module-ballerina-docker,Few-Shot,8,0.375,0.375,0.375,0.375,0.375
bancolombia_scaffold-clean-architecture,CIMig,2,0.0,0.0,0.0,0.0,0.0
billthefarmer_currency,CIMig,2,0.0,0.0,0.0,0.0,0.0
billthefarmer_currency,Zero-Shot,8,0.6875,0.75,0.625,0.75,0.625
billthefarmer_currency,Fine-Tuned,2,1.0,1.0,1.0,1.0,1.0
billthefarmer_currency,Few-Shot,8,0.5,0.5,0.5,0.5,0.5
billthefarmer_editor,CIMig,2,0.0,0.0,0.0,0.0,0.0
billthefarmer_editor,Zero-Shot,8,0.75,0.75,0.75,0.75,0.75
billthefarmer_editor,Fine-Tuned,2,1.0,1.0,1.0,1.0,1.0
billthefarmer_editor,Few-Shot,8,0.75,0.75,0.75,0.75,0.75
bootique_bootique-logback,CIMig,2,0.0,0.0,0.0,0.0,0.0
bootique_bootique-logback,Zero-Shot,8,0.6875,0.75,0.625,0.75,0.625
bootique_bootique-logback,Fine-Tuned,2,1.0,1.0,1.0,1.0,1.0
bootique_bootique-logback,Few-Shot,8,0.625,0.625,0.625,0.625,0.625
bric3_mockito,CIMig,2,0.0,0.0,0.0,0.0,0.0
btraceio_btrace,CIMig,2,0.0,0.0,0.0,0.0,0.0
btraceio_btrace,Zero-Shot,8,0.5,0.625,0.375,0.625,0.375
btraceio_btrace,Fine-Tuned,2,0.75,1.0,0.5,1.0,0.5
btraceio_btrace,Few-Shot,8,0.25,0.25,0.25,0.25,0.25
cdk_cdk,CIMig,2,0.0,0.0,0.0,0.0,0.0
cdk_cdk,Zero-Shot,8,0.5625,0.625,0.5,0.625,0.5
cdk_cdk,Fine-Tuned,2,1.0,1.0,1.0,1.0,1.0
cdk_cdk,Few-Shot,8,0.6875,0.75,0.625,0.75,0.625
checkout_checkout-sdk-java,CIMig,2,0.0,0.0,0.0,0.0,0.0
constellation-app_constellation,CIMig,2,0.0,0.0,0.0,0.0,0.0
constellation-app_constellation,Zero-Shot,8,0.3125,0.375,0.25,0.375,0.25
constellation-app_constellation,Fine-Tuned,2,1.0,1.0,1.0,1.0,1.0
constellation-app_constellation,Few-Shot,8,0.375,0.5,0.25,0.5,0.25
criteo_cassandra_exporter,CIMig,2,0.0,0.0,0.0,0.0,0.0
cronn_ssh-proxy,CIMig,2,0.0,0.0,0.0,0.0,0.0
cryptomator_dokany-nio-adapter,CIMig,2,0.0,0.0,0.0,0.0,0.0
cryptomator_dokany-nio-adapter,Zero-Shot,8,0.125,0.125,0.125,0.125,0.125
cryptomator_dokany-nio-adapter,Fine-Tuned,2,0.75,1.0,0.5,1.0,0.5
cryptomator_dokany-nio-adapter,Few-Shot,8,0.4375,0.5,0.375,0.5,0.375
devaneios-ifsp_turma-de-elite-backend,CIMig,2,0.25,0.5,0.0,0.5,0.0
devaneios-ifsp_turma-de-elite-backend,Zero-Shot,8,0.75,0.75,0.75,0.75,0.75
devaneios-ifsp_turma-de-elite-backend,Fine-Tuned,2,0.75,1.0,0.5,1.0,0.5
devaneios-ifsp_turma-de-elite-backend,Few-Shot,8,0.6875,0.75,0.625,0.75,0.625
dhatim_safesql,CIMig,2,0.0,0.0,0.0,0.0,0.0
dhatim_safesql,Zero-Shot,8,0.5625,0.625,0.5,0.625,0.5
dhatim_safesql,Fine-Tuned,2,0.5,0.5,0.5,0.5,0.5
dhatim_safesql,Few-Shot,8,0.5625,0.625,0.5,0.625,0.5
dlsc-software-consulting-gmbh_GemsFX,CIMig,2,0.0,0.0,0.0,0.0,0.0
dlsc-software-consulting-gmbh_GemsFX,Zero-Shot,8,0.4375,0.5,0.375,0.5,0.375
dlsc-software-consulting-gmbh_GemsFX,Fine-Tuned,2,0.75,1.0,0.5,1.0,0.5
dlsc-software-consulting-gmbh_GemsFX,Few-Shot,8,0.375,0.5,0.25,0.5,0.25
dogtagpki_jss,CIMig,2,0.0,0.0,0.0,0.0,0.0
dogtagpki_jss,Zero-Shot,8,0.5,0.625,0.375,0.625,0.375
dogtagpki_jss,Fine-Tuned,2,1.0,1.0,1.0,1.0,1.0
dogtagpki_jss,Few-Shot,8,0.625,0.75,0.5,0.75,0.5
dschadow_CloudSecurity,CIMig,2,0.0,0.0,0.0,0.0,0.0
eclipse_lemminx,CIMig,2,0.0,0.0,0.0,0.0,0.0
eclipse_lemminx,Zero-Shot,8,0.5,0.625,0.375,0.625,0.375
eclipse_lemminx,Few-Shot,8,0.625,0.75,0.5,0.75,0.5
elixir-cloud-aai_tesk-api,CIMig,2,0.0,0.0,0.0,0.0,0.0
elixir-cloud-aai_tesk-api,Zero-Shot,8,0.5625,0.625,0.5,0.625,0.5
elixir-cloud-aai_tesk-api,Fine-Tuned,2,1.0,1.0,1.0,1.0,1.0
elixir-cloud-aai_tesk-api,Few-Shot,8,0.6875,0.75,0.625,0.75,0.625
encircled_Joiner,CIMig,2,0.0,0.0,0.0,0.0,0.0
encircled_Joiner,Zero-Shot,8,0.875,0.875,0.875,0.875,0.875
encircled_Joiner,Fine-Tuned,2,1.0,1.0,1.0,1.0,1.0
encircled_Joiner,Few-Shot,8,0.5625,0.625,0.5,0.625,0.5
feedzai_feedzai-openml,CIMig,2,0.0,0.0,0.0,0.0,0.0
feedzai_feedzai-openml,Zero-Shot,8,0.4375,0.5,0.375,0.5,0.375
feedzai_feedzai-openml,Fine-Tuned,2,1.0,1.0,1.0,1.0,1.0
feedzai_feedzai-openml,Few-Shot,8,0.625,0.75,0.5,0.75,0.5
fiji_Cell_Counter,CIMig,2,0.25,0.5,0.0,0.5,0.0
fiji_Cell_Counter,Zero-Shot,8,0.5,0.625,0.375,0.625,0.375
fiji_Cell_Counter,Fine-Tuned,2,1.0,1.0,1.0,1.0,1.0
fiji_Cell_Counter,Few-Shot,8,0.6875,0.75,0.625,0.75,0.625
fiji_KymographBuilder,CIMig,2,0.0,0.0,0.0,0.0,0.0
fiji_KymographBuilder,Zero-Shot,8,0.4375,0.625,0.25,0.625,0.25
fiji_KymographBuilder,Fine-Tuned,2,1.0,1.0,1.0,1.0,1.0
fiji_KymographBuilder,Few-Shot,8,0.6875,0.75,0.625,0.75,0.625
fiji_SPIM_Registration,CIMig,2,0.25,0.5,0.0,0.5,0.0
fiji_SPIM_Registration,Zero-Shot,8,0.5,0.625,0.375,0.625,0.375
fiji_SPIM_Registration,Fine-Tuned,2,1.0,1.0,1.0,1.0,1.0
fiji_SPIM_Registration,Few-Shot,8,0.625,0.75,0.5,0.75,0.5
fiji_VIB-lib,CIMig,2,0.0,0.0,0.0,0.0,0.0
fiji_VIB-lib,Zero-Shot,8,0.4375,0.625,0.25,0.625,0.25
fiji_VIB-lib,Fine-Tuned,2,1.0,1.0,1.0,1.0,1.0
fiji_VIB-lib,Few-Shot,8,0.6875,0.75,0.625,0.75,0.625
fiji_cookbook,CIMig,2,0.0,0.0,0.0,0.0,0.0
fiji_cookbook,Zero-Shot,8,0.5,0.625,0.375,0.625,0.375
fiji_cookbook,Fine-Tuned,2,1.0,1.0,1.0,1.0,1.0
fiji_cookbook,Few-Shot,8,0.6875,0.75,0.625,0.75,0.625
fiji_pQCT,CIMig,2,0.0,0.0,0.0,0.0,0.0
fiji_pQCT,Zero-Shot,8,0.6875,0.75,0.625,0.75,0.625
fiji_pQCT,Fine-Tuned,2,1.0,1.0,1.0,1.0,1.0
fiji_pQCT,Few-Shot,8,0.5,0.5,0.5,0.5,0.5
future-architect_uroborosql,CIMig,2,0.0,0.0,0.0,0.0,0.0
future-architect_uroborosql,Zero-Shot,8,0.625,0.75,0.5,0.75,0.5
future-architect_uroborosql,Fine-Tuned,2,1.0,1.0,1.0,1.0,1.0
future-architect_uroborosql,Few-Shot,8,0.375,0.375,0.375,0.375,0.375
gayanvoice_android-vpn-client-ics-openvpn,CIMig,2,0.5,0.5,0.5,0.5,0.5
gayanvoice_android-vpn-client-ics-openvpn,Zero-Shot,8,0.625,0.75,0.5,0.75,0.5
gayanvoice_android-vpn-client-ics-openvpn,Fine-Tuned,2,1.0,1.0,1.0,1.0,1.0
gayanvoice_android-vpn-client-ics-openvpn,Few-Shot,8,0.75,0.75,0.75,0.75,0.75
gessnerfl_rabbitmq-queue-management,CIMig,2,0.0,0.0,0.0,0.0,0.0
gessnerfl_rabbitmq-queue-management,Zero-Shot,8,0.625,0.625,0.625,0.625,0.625
gessnerfl_rabbitmq-queue-management,Fine-Tuned,2,1.0,1.0,1.0,1.0,1.0
gessnerfl_rabbitmq-queue-management,Few-Shot,8,0.625,0.75,0.5,0.75,0.5
getgauge_gauge-gradle-plugin,CIMig,2,0.5,0.5,0.5,0.5,0.5
gliwka_hyperscan-java,CIMig,2,0.0,0.0,0.0,0.0,0.0
gotify_android,CIMig,2,0.0,0.0,0.0,0.0,0.0
gotify_android,Zero-Shot,8,0.5625,0.75,0.375,0.75,0.375
gotify_android,Fine-Tuned,2,0.5,0.5,0.5,0.5,0.5
gotify_android,Few-Shot,8,0.4375,0.5,0.375,0.5,0.375
gwtproject_gwt-window,CIMig,2,0.0,0.0,0.0,0.0,0.0
h2database_h2database,CIMig,2,0.0,0.0,0.0,0.0,0.0
hank-cp_sbp,CIMig,2,0.0,0.0,0.0,0.0,0.0
heremaps_here-aaa-java-sdk,CIMig,2,0.0,0.0,0.0,0.0,0.0
hmcts_ccpay-payment-app,CIMig,2,0.0,0.0,0.0,0.0,0.0
hmcts_ccpay-payment-app,Zero-Shot,8,0.4375,0.5,0.375,0.5,0.375
hmcts_ccpay-payment-app,Fine-Tuned,2,1.0,1.0,1.0,1.0,1.0
hmcts_ccpay-payment-app,Few-Shot,8,0.625,0.75,0.5,0.75,0.5
httptoolkit_httptoolkit-android,CIMig,2,0.0,0.0,0.0,0.0,0.0
hugegraph_hugegraph-client,CIMig,2,0.25,0.5,0.0,0.5,0.0
ibissource_iaf,CIMig,2,0.0,0.0,0.0,0.0,0.0
ibissource_iaf,Zero-Shot,8,0.5,0.5,0.5,0.5,0.5
ibissource_iaf,Fine-Tuned,2,1.0,1.0,1.0,1.0,1.0
ibissource_iaf,Few-Shot,8,0.5625,0.75,0.375,0.75,0.375
ical4j_ical4j-connector,CIMig,2,0.0,0.0,0.0,0.0,0.0
ical4j_ical4j-connector,Zero-Shot,8,0.5,0.5,0.5,0.5,0.5
ical4j_ical4j-connector,Fine-Tuned,2,1.0,1.0,1.0,1.0,1.0
ical4j_ical4j-connector,Few-Shot,8,0.625,0.625,0.625,0.625,0.625
igniterealtime_openfire-xmldebugger-plugin,CIMig,2,0.25,0.5,0.0,0.5,0.0
igniterealtime_openfire-xmldebugger-plugin,Zero-Shot,8,0.625,0.75,0.5,0.75,0.5
igniterealtime_openfire-xmldebugger-plugin,Fine-Tuned,2,1.0,1.0,1.0,1.0,1.0
igniterealtime_openfire-xmldebugger-plugin,Few-Shot,8,0.625,0.75,0.5,0.75,0.5
image-transform-converters_image-transform-converters,CIMig,2,0.0,0.0,0.0,0.0,0.0
imglib_imglib2,CIMig,2,0.0,0.0,0.0,0.0,0.0
imglib_imglib2,Zero-Shot,8,0.5625,0.625,0.5,0.625,0.5
imglib_imglib2,Fine-Tuned,2,1.0,1.0,1.0,1.0,1.0
imglib_imglib2,Few-Shot,8,0.5,0.5,0.5,0.5,0.5
imglib_imglib2-realtransform,CIMig,2,0.0,0.0,0.0,0.0,0.0
imglib_imglib2-roi,CIMig,2,0.0,0.0,0.0,0.0,0.0
imglib_imglib2-tutorials,CIMig,2,0.0,0.0,0.0,0.0,0.0
imglib_imglib2-tutorials,Zero-Shot,8,0.5,0.625,0.375,0.625,0.375
imglib_imglib2-tutorials,Fine-Tuned,2,1.0,1.0,1.0,1.0,1.0
imglib_imglib2-tutorials,Few-Shot,8,0.625,0.75,0.5,0.75,0.5
inferno-framework_fhir-validator-wrapper,CIMig,2,0.0,0.0,0.0,0.0,0.0
inferno-framework_fhir-validator-wrapper,Zero-Shot,8,0.4375,0.5,0.375,0.5,0.375
inferno-framework_fhir-validator-wrapper,Fine-Tuned,2,1.0,1.0,1.0,1.0,1.0
inferno-framework_fhir-validator-wrapper,Few-Shot,8,0.5,0.625,0.375,0.625,0.375
io7m_changelog,CIMig,2,0.0,0.0,0.0,0.0,0.0
io7m_jcamera,CIMig,2,0.0,0.0,0.0,0.0,0.0
io7m_jcamera,Zero-Shot,8,0.75,0.75,0.75,0.75,0.75
io7m_jcamera,Fine-Tuned,2,0.75,1.0,0.5,1.0,0.5
io7m_jcamera,Few-Shot,8,0.5,0.5,0.5,0.5,0.5
io7m_jeucreader,CIMig,2,0.0,0.0,0.0,0.0,0.0
io7m_jmurmur,CIMig,2,0.0,0.0,0.0,0.0,0.0
io7m_jmurmur,Zero-Shot,8,0.75,0.75,0.75,0.75,0.75
io7m_jmurmur,Fine-Tuned,2,1.0,1.0,1.0,1.0,1.0
io7m_jmurmur,Few-Shot,8,0.5625,0.625,0.5,0.625,0.5
io7m_jproperties,CIMig,2,0.0,0.0,0.0,0.0,0.0
io7m_jproperties,Zero-Shot,8,0.5625,0.625,0.5,0.625,0.5
io7m_jproperties,Fine-Tuned,2,1.0,1.0,1.0,1.0,1.0
io7m_jproperties,Few-Shot,8,0.6875,0.75,0.625,0.75,0.625
io7m_jsx,CIMig,2,0.0,0.0,0.0,0.0,0.0
io7m_jsx,Zero-Shot,8,0.5625,0.625,0.5,0.625,0.5
io7m_jsx,Fine-Tuned,2,1.0,1.0,1.0,1.0,1.0
io7m_jsx,Few-Shot,8,0.6875,0.75,0.625,0.75,0.625
ipregistry_ipregistry-java,CIMig,2,0.0,0.0,0.0,0.0,0.0
ipregistry_ipregistry-java,Zero-Shot,8,0.625,0.625,0.625,0.625,0.625
ipregistry_ipregistry-java,Fine-Tuned,2,1.0,1.0,1.0,1.0,1.0
ipregistry_ipregistry-java,Few-Shot,8,0.625,0.625,0.625,0.625,0.625
jakubplichta_git-changelog-maven-plugin,CIMig,2,0.0,0.0,0.0,0.0,0.0
jakubplichta_git-changelog-maven-plugin,Zero-Shot,8,0.6875,0.75,0.625,0.75,0.625
jakubplichta_git-changelog-maven-plugin,Fine-Tuned,2,1.0,1.0,1.0,1.0,1.0
jakubplichta_git-changelog-maven-plugin,Few-Shot,8,0.625,0.625,0.625,0.625,0.625
jbee_silk,CIMig,2,0.5,0.5,0.5,0.5,0.5
jbee_silk,Zero-Shot,8,0.875,1.0,0.75,1.0,0.75
jbee_silk,Fine-Tuned,2,1.0,1.0,1.0,1.0,1.0
jbee_silk,Few-Shot,8,0.5625,0.625,0.5,0.625,0.5
jboss_tyr,CIMig,2,0.0,0.0,0.0,0.0,0.0
jboss_tyr,Zero-Shot,8,0.8125,0.875,0.75,0.875,0.75
jboss_tyr,Fine-Tuned,2,1.0,1.0,1.0,1.0,1.0
jboss_tyr,Few-Shot,8,0.75,0.75,0.75,0.75,0.75
jenkinsci_jira-plugin,CIMig,2,0.0,0.0,0.0,0.0,0.0
jenkinsci_jira-plugin,Zero-Shot,8,0.375,0.5,0.25,0.5,0.25
jenkinsci_jira-plugin,Fine-Tuned,2,1.0,1.0,1.0,1.0,1.0
jenkinsci_jira-plugin,Few-Shot,8,0.25,0.25,0.25,0.25,0.25
jeremylong_DependencyCheck,CIMig,2,0.25,0.5,0.0,0.5,0.0
jeremylong_DependencyCheck,Zero-Shot,8,0.4375,0.625,0.25,0.625,0.25
jeremylong_DependencyCheck,Fine-Tuned,2,1.0,1.0,1.0,1.0,1.0
jeremylong_DependencyCheck,Few-Shot,8,0.5,0.625,0.375,0.625,0.375
jnidzwetzki_bboxdb,CIMig,2,0.0,0.0,0.0,0.0,0.0
jnidzwetzki_bboxdb,Zero-Shot,8,0.625,0.625,0.625,0.625,0.625
jnidzwetzki_bboxdb,Fine-Tuned,2,1.0,1.0,1.0,1.0,1.0
jnidzwetzki_bboxdb,Few-Shot,8,0.5625,0.625,0.5,0.625,0.5
jonashackt_traefik-cache-nginx-spring-boot,CIMig,2,0.25,0.5,0.0,0.5,0.0
jpmml_jpmml-evaluator,CIMig,2,0.0,0.0,0.0,0.0,0.0
juglab_labkit-pixel-classification,CIMig,2,0.0,0.0,0.0,0.0,0.0
junit-team_junit5,CIMig,2,0.0,0.0,0.0,0.0,0.0
junit-team_junit5,Zero-Shot,8,0.75,0.875,0.625,0.875,0.625
junit-team_junit5,Fine-Tuned,2,0.75,1.0,0.5,1.0,0.5
junit-team_junit5,Few-Shot,8,0.375,0.5,0.25,0.5,0.25
justdave_MCStatus,CIMig,2,0.0,0.0,0.0,0.0,0.0
jwtk_jjwt,CIMig,2,0.0,0.0,0.0,0.0,0.0
jwtk_jjwt,Zero-Shot,8,0.5625,0.75,0.375,0.75,0.375
jwtk_jjwt,Fine-Tuned,2,0.75,1.0,0.5,1.0,0.5
jwtk_jjwt,Few-Shot,8,0.6875,0.75,0.625,0.75,0.625
kaklakariada_portmapper,CIMig,2,0.0,0.0,0.0,0.0,0.0
kaklakariada_portmapper,Zero-Shot,8,0.625,0.625,0.625,0.625,0.625
kaklakariada_portmapper,Fine-Tuned,2,1.0,1.0,1.0,1.0,1.0
kaklakariada_portmapper,Few-Shot,8,0.625,0.625,0.625,0.625,0.625
kingjon3377_strategicprimer-viewer,CIMig,2,0.25,0.5,0.0,0.5,0.0
knowm_Yank,CIMig,2,0.0,0.0,0.0,0.0,0.0
knowm_Yank,Zero-Shot,8,0.6875,0.875,0.5,0.875,0.5
knowm_Yank,Fine-Tuned,2,1.0,1.0,1.0,1.0,1.0
knowm_Yank,Few-Shot,8,0.5,0.625,0.375,0.625,0.375
komamitsu_fluency,CIMig,2,0.0,0.0,0.0,0.0,0.0
komoot_photon,CIMig,2,0.0,0.0,0.0,0.0,0.0
komoot_photon,Zero-Shot,8,0.8125,0.875,0.75,0.875,0.75
komoot_photon,Fine-Tuned,2,0.75,1.0,0.5,1.0,0.5
komoot_photon,Few-Shot,8,0.5625,0.625,0.5,0.625,0.5
kordamp_ikonli,CIMig,2,0.5,0.5,0.5,0.5,0.5
kordamp_ikonli,Zero-Shot,8,0.4375,0.5,0.375,0.5,0.375
kordamp_ikonli,Fine-Tuned,2,1.0,1.0,1.0,1.0,1.0
kordamp_ikonli,Few-Shot,8,0.75,0.75,0.75,0.75,0.75
kryptokrauts_aepp-sdk-java,CIMig,2,0.0,0.0,0.0,0.0,0.0
kryptokrauts_aepp-sdk-java,Zero-Shot,8,0.6875,0.75,0.625,0.75,0.625
kryptokrauts_aepp-sdk-java,Fine-Tuned,2,0.5,0.5,0.5,0.5,0.5
kryptokrauts_aepp-sdk-java,Few-Shot,8,0.6875,0.75,0.625,0.75,0.625
lessthanoptimal_BoofCV,CIMig,2,0.0,0.0,0.0,0.0,0.0
line_decaton,CIMig,2,0.0,0.0,0.0,0.0,0.0
line_decaton,Zero-Shot,8,0.5625,0.625,0.5,0.625,0.5
line_decaton,Fine-Tuned,2,1.0,1.0,1.0,1.0,1.0
line_decaton,Few-Shot,8,0.5625,0.625,0.5,0.625,0.5
linkedin_avro-util,CIMig,2,0.0,0.0,0.0,0.0,0.0
linkedin_avro-util,Zero-Shot,8,0.625,0.75,0.5,0.75,0.5
linkedin_avro-util,Fine-Tuned,2,1.0,1.0,1.0,1.0,1.0
linkedin_avro-util,Few-Shot,8,0.5,0.625,0.375,0.625,0.375
mamewotoko_podplayer,CIMig,2,0.0,0.0,0.0,0.0,0.0
mate-academy_hibernate-configuration-hw,CIMig,2,0.0,0.0,0.0,0.0,0.0
mate-academy_hibernate-configuration-hw,Zero-Shot,8,0.5625,0.625,0.5,0.625,0.5
mate-academy_hibernate-configuration-hw,Few-Shot,8,0.6875,0.75,0.625,0.75,0.625
mendhak_gpslogger,CIMig,2,0.0,0.0,0.0,0.0,0.0
mendhak_gpslogger,Zero-Shot,8,0.5625,0.75,0.375,0.75,0.375
mendhak_gpslogger,Fine-Tuned,2,1.0,1.0,1.0,1.0,1.0
mendhak_gpslogger,Few-Shot,8,0.5,0.5,0.5,0.5,0.5
messaginghub_pooled-jms,CIMig,2,0.0,0.0,0.0,0.0,0.0
michaelliao_itranswarp,CIMig,2,0.0,0.0,0.0,0.0,0.0
michaelliao_itranswarp,Zero-Shot,8,0.75,0.75,0.75,0.75,0.75
michaelliao_itranswarp,Fine-Tuned,2,1.0,1.0,1.0,1.0,1.0
michaelliao_itranswarp,Few-Shot,8,0.625,0.625,0.625,0.625,0.625
micheljung_nocatch,CIMig,2,0.0,0.0,0.0,0.0,0.0
micheljung_nocatch,Zero-Shot,8,0.5625,0.625,0.5,0.625,0.5
micheljung_nocatch,Fine-Tuned,2,1.0,1.0,1.0,1.0,1.0
micheljung_nocatch,Few-Shot,8,0.5625,0.625,0.5,0.625,0.5
miho_VTCC,CIMig,2,0.0,0.0,0.0,0.0,0.0
miho_VTCC,Zero-Shot,8,0.6875,0.75,0.625,0.75,0.625
miho_VTCC,Fine-Tuned,2,1.0,1.0,1.0,1.0,1.0
miho_VTCC,Few-Shot,8,0.625,0.625,0.625,0.625,0.625
miho_VWorkflows,CIMig,2,0.0,0.0,0.0,0.0,0.0
minio_minio-java,CIMig,2,0.5,0.5,0.5,0.5,0.5
minio_minio-java,Zero-Shot,8,0.6875,0.75,0.625,0.75,0.625
minio_minio-java,Fine-Tuned,2,1.0,1.0,1.0,1.0,1.0
minio_minio-java,Few-Shot,8,0.4375,0.5,0.375,0.5,0.375
mixpanel_mixpanel-android,CIMig,2,0.0,0.0,0.0,0.0,0.0
msmobility_silo,CIMig,2,0.0,0.0,0.0,0.0,0.0
msmobility_silo,Zero-Shot,8,0.375,0.375,0.375,0.375,0.375
msmobility_silo,Fine-Tuned,2,1.0,1.0,1.0,1.0,1.0
msmobility_silo,Few-Shot,8,0.4375,0.5,0.375,0.5,0.375
neo4j-contrib_neo4j-jdbc,CIMig,2,0.0,0.0,0.0,0.0,0.0
neo4j-contrib_neo4j-jdbc,Zero-Shot,8,0.6875,0.75,0.625,0.75,0.625
neo4j-contrib_neo4j-jdbc,Fine-Tuned,2,1.0,1.0,1.0,1.0,1.0
neo4j-contrib_neo4j-jdbc,Few-Shot,8,0.625,0.625,0.625,0.625,0.625
nhl_dflib,CIMig,2,0.0,0.0,0.0,0.0,0.0
nhl_dflib,Zero-Shot,8,0.625,0.75,0.5,0.75,0.5
nhl_dflib,Fine-Tuned,2,1.0,1.0,1.0,1.0,1.0
nhl_dflib,Few-Shot,8,0.5625,0.625,0.5,0.625,0.5
nkonev_blog,CIMig,2,0.0,0.0,0.0,0.0,0.0
nkonev_blog,Zero-Shot,8,0.4375,0.5,0.375,0.5,0.375
nkonev_blog,Fine-Tuned,2,1.0,1.0,1.0,1.0,1.0
nkonev_blog,Few-Shot,8,0.4375,0.5,0.375,0.5,0.375
nsoft_jesterj,CIMig,2,0.0,0.0,0.0,0.0,0.0
nsoft_jesterj,Zero-Shot,8,0.4375,0.5,0.375,0.5,0.375
nsoft_jesterj,Fine-Tuned,2,1.0,1.0,1.0,1.0,1.0
nsoft_jesterj,Few-Shot,8,0.75,0.75,0.75,0.75,0.75
nutzam_nutzboot,CIMig,2,0.0,0.0,0.0,0.0,0.0
open-keychain_open-keychain,CIMig,2,0.0,0.0,0.0,0.0,0.0
opencadc_cadc-target-resolver,CIMig,2,0.0,0.0,0.0,0.0,0.0
opencadc_cadc-target-resolver,Zero-Shot,8,0.25,0.375,0.125,0.375,0.125
opencadc_cadc-target-resolver,Fine-Tuned,2,0.75,1.0,0.5,1.0,0.5
opencadc_cadc-target-resolver,Few-Shot,8,0.375,0.5,0.25,0.5,0.25
opencadc_vos,CIMig,2,0.0,0.0,0.0,0.0,0.0
oracle_opengrok,CIMig,2,0.0,0.0,0.0,0.0,0.0
orien_bean-matchers,CIMig,2,0.0,0.0,0.0,0.0,0.0
orien_bean-matchers,Zero-Shot,8,0.8125,0.875,0.75,0.875,0.75
orien_bean-matchers,Fine-Tuned,2,1.0,1.0,1.0,1.0,1.0
orien_bean-matchers,Few-Shot,8,0.75,0.75,0.75,0.75,0.75
otavanopisto_muikku,CIMig,2,0.0,0.0,0.0,0.0,0.0
otavanopisto_muikku,Zero-Shot,8,0.5625,0.625,0.5,0.625,0.5
otavanopisto_muikku,Fine-Tuned,2,1.0,1.0,1.0,1.0,1.0
otavanopisto_muikku,Few-Shot,8,0.5625,0.625,0.5,0.625,0.5
otto-de_synapse,CIMig,2,0.0,0.0,0.0,0.0,0.0
otto-de_synapse,Zero-Shot,8,0.3125,0.375,0.25,0.375,0.25
otto-de_synapse,Fine-Tuned,2,1.0,1.0,1.0,1.0,1.0
otto-de_synapse,Few-Shot,8,0.25,0.375,0.125,0.375,0.125
parse-community_Parse-SDK-Android,CIMig,2,0.0,0.0,0.0,0.0,0.0
parse-community_Parse-SDK-Android,Zero-Shot,8,0.5,0.625,0.375,0.625,0.375
parse-community_Parse-SDK-Android,Fine-Tuned,2,1.0,1.0,1.0,1.0,1.0
parse-community_Parse-SDK-Android,Few-Shot,8,0.5625,0.625,0.5,0.625,0.5
phisix-org_phisix,CIMig,2,0.25,0.5,0.0,0.5,0.0
playframework_play1,CIMig,2,0.0,0.0,0.0,0.0,0.0
playframework_play1,Zero-Shot,8,0.9375,1.0,0.875,1.0,0.875
playframework_play1,Fine-Tuned,2,1.0,1.0,1.0,1.0,1.0
playframework_play1,Few-Shot,8,0.75,0.75,0.75,0.75,0.75
portingle_slf4jtesting,CIMig,2,0.0,0.0,0.0,0.0,0.0
primefaces-extensions_primefaces-integration-tests,CIMig,2,0.0,0.0,0.0,0.0,0.0
primefaces-extensions_primefaces-integration-tests,Zero-Shot,8,0.75,0.875,0.625,0.875,0.625
primefaces-extensions_primefaces-integration-tests,Fine-Tuned,2,1.0,1.0,1.0,1.0,1.0
primefaces-extensions_primefaces-integration-tests,Few-Shot,8,0.5,0.625,0.375,0.625,0.375
princesslana_smalld,CIMig,2,0.0,0.0,0.0,0.0,0.0
princesslana_smalld,Zero-Shot,8,0.75,0.75,0.75,0.75,0.75
princesslana_smalld,Fine-Tuned,2,1.0,1.0,1.0,1.0,1.0
princesslana_smalld,Few-Shot,8,0.4375,0.5,0.375,0.5,0.375
proofpoint_platform,CIMig,2,0.0,0.0,0.0,0.0,0.0
pulumi_pulumi-kubernetes,CIMig,2,0.0,0.0,0.0,0.0,0.0
qlefevre_crud-admin-spring-boot-starter,CIMig,2,0.0,0.0,0.0,0.0,0.0
qlefevre_crud-admin-spring-boot-starter,Zero-Shot,8,0.6875,0.75,0.625,0.75,0.625
qlefevre_crud-admin-spring-boot-starter,Fine-Tuned,2,1.0,1.0,1.0,1.0,1.0
qlefevre_crud-admin-spring-boot-starter,Few-Shot,8,0.5625,0.625,0.5,0.625,0.5
qos-ch_slf4j,CIMig,2,0.0,0.0,0.0,0.0,0.0
qos-ch_slf4j,Zero-Shot,8,0.6875,0.75,0.625,0.75,0.625
qos-ch_slf4j,Fine-Tuned,2,1.0,1.0,1.0,1.0,1.0
qos-ch_slf4j,Few-Shot,8,0.5,0.625,0.375,0.625,0.375
querydsl_querydsl,CIMig,2,0.0,0.0,0.0,0.0,0.0
rabbitmq_hop,CIMig,2,0.0,0.0,0.0,0.0,0.0
radixdlt_radixdlt,CIMig,2,0.0,0.0,0.0,0.0,0.0
radixdlt_radixdlt,Zero-Shot,8,0.5625,0.625,0.5,0.625,0.5
radixdlt_radixdlt,Fine-Tuned,2,1.0,1.0,1.0,1.0,1.0
radixdlt_radixdlt,Few-Shot,8,0.6875,0.75,0.625,0.75,0.625
ralscha_wamp2spring,CIMig,2,0.5,0.5,0.5,0.5,0.5
ralscha_xodus-queue,CIMig,2,0.0,0.0,0.0,0.0,0.0
ralscha_xodus-queue,Zero-Shot,8,0.75,0.75,0.75,0.75,0.75
ralscha_xodus-queue,Fine-Tuned,2,1.0,1.0,1.0,1.0,1.0
ralscha_xodus-queue,Few-Shot,8,0.6875,0.75,0.625,0.75,0.625
reaktivity_nukleus-http.java,CIMig,2,0.0,0.0,0.0,0.0,0.0
reaktivity_nukleus-http.java,Zero-Shot,8,0.5625,0.625,0.5,0.625,0.5
reaktivity_nukleus-http.java,Fine-Tuned,2,1.0,1.0,1.0,1.0,1.0
reaktivity_nukleus-http.java,Few-Shot,8,0.4375,0.5,0.375,0.5,0.375
reaktivity_nukleus-maven-plugin,CIMig,2,0.0,0.0,0.0,0.0,0.0
reaktivity_nukleus-maven-plugin,Zero-Shot,8,0.6875,0.75,0.625,0.75,0.625
reaktivity_nukleus-maven-plugin,Fine-Tuned,2,1.0,1.0,1.0,1.0,1.0
reaktivity_nukleus-maven-plugin,Few-Shot,8,0.6875,0.75,0.625,0.75,0.625
reaktivity_nukleus-tcp.spec,CIMig,2,0.0,0.0,0.0,0.0,0.0
reaktivity_nukleus-tcp.spec,Zero-Shot,8,0.6875,0.75,0.625,0.75,0.625
reaktivity_nukleus-tcp.spec,Fine-Tuned,2,1.0,1.0,1.0,1.0,1.0
reaktivity_nukleus-tcp.spec,Few-Shot,8,0.6875,0.75,0.625,0.75,0.625
redhat-developer_quarkus-ls,CIMig,2,0.0,0.0,0.0,0.0,0.0
redhat-developer_quarkus-ls,Zero-Shot,8,0.6875,0.75,0.625,0.75,0.625
redhat-developer_quarkus-ls,Fine-Tuned,2,1.0,1.0,1.0,1.0,1.0
redhat-developer_quarkus-ls,Few-Shot,8,0.6875,0.75,0.625,0.75,0.625
redisson_redisson,CIMig,2,0.0,0.0,0.0,0.0,0.0
renyuneyun_Easer,CIMig,2,0.0,0.0,0.0,0.0,0.0
renyuneyun_Easer,Zero-Shot,8,0.625,0.75,0.5,0.75,0.5
renyuneyun_Easer,Fine-Tuned,2,0.75,1.0,0.5,1.0,0.5
renyuneyun_Easer,Few-Shot,8,0.625,0.75,0.5,0.75,0.5
riboseinc_aws-codecommit-trigger-plugin,CIMig,2,0.0,0.0,0.0,0.0,0.0
ron190_jsql-injection,CIMig,2,0.0,0.0,0.0,0.0,0.0
saucelabs_ci-sauce,CIMig,2,0.0,0.0,0.0,0.0,0.0
saucelabs_ci-sauce,Zero-Shot,8,0.625,0.625,0.625,0.625,0.625
saucelabs_ci-sauce,Fine-Tuned,2,1.0,1.0,1.0,1.0,1.0
saucelabs_ci-sauce,Few-Shot,8,0.625,0.625,0.625,0.625,0.625
sbt_junit-interface,CIMig,2,0.0,0.0,0.0,0.0,0.0
scijava_scripting-groovy,CIMig,2,0.0,0.0,0.0,0.0,0.0
selenide_selenide,CIMig,2,0.0,0.0,0.0,0.0,0.0
selenide_selenide,Zero-Shot,8,0.6875,0.75,0.625,0.75,0.625
selenide_selenide,Fine-Tuned,2,1.0,1.0,1.0,1.0,1.0
selenide_selenide,Few-Shot,8,0.625,0.75,0.5,0.75,0.5
silaev_mongodb-replica-set,CIMig,2,0.0,0.0,0.0,0.0,0.0
sizovs_PipelinR,CIMig,2,0.0,0.0,0.0,0.0,0.0
sizovs_PipelinR,Zero-Shot,8,0.75,0.75,0.75,0.75,0.75
sizovs_PipelinR,Fine-Tuned,2,1.0,1.0,1.0,1.0,1.0
sizovs_PipelinR,Few-Shot,8,0.75,0.75,0.75,0.75,0.75
sniffy_sniffy,CIMig,2,0.0,0.0,0.0,0.0,0.0
societe-generale_arch-unit-build-plugin-core,CIMig,2,0.0,0.0,0.0,0.0,0.0
societe-generale_arch-unit-build-plugin-core,Zero-Shot,8,0.75,0.875,0.625,0.875,0.625
societe-generale_arch-unit-build-plugin-core,Fine-Tuned,2,0.75,1.0,0.5,1.0,0.5
societe-generale_arch-unit-build-plugin-core,Few-Shot,8,0.6875,0.75,0.625,0.75,0.625
sockeqwe_AdapterDelegates,CIMig,2,0.0,0.0,0.0,0.0,0.0
sockeqwe_AdapterDelegates,Zero-Shot,8,0.625,0.625,0.625,0.625,0.625
sockeqwe_AdapterDelegates,Fine-Tuned,2,1.0,1.0,1.0,1.0,1.0
sockeqwe_AdapterDelegates,Few-Shot,8,0.6875,0.75,0.625,0.75,0.625
sofastack_sofa-bolt,CIMig,2,0.0,0.0,0.0,0.0,0.0
sofastack_sofa-bolt,Zero-Shot,8,0.625,0.625,0.625,0.625,0.625
sofastack_sofa-bolt,Fine-Tuned,2,1.0,1.0,1.0,1.0,1.0
sofastack_sofa-bolt,Few-Shot,8,0.6875,0.75,0.625,0.75,0.625
sofastack_sofa-registry,CIMig,2,0.0,0.0,0.0,0.0,0.0
sofastack_sofa-registry,Zero-Shot,8,0.75,0.75,0.75,0.75,0.75
sofastack_sofa-registry,Fine-Tuned,2,1.0,1.0,1.0,1.0,1.0
sofastack_sofa-registry,Few-Shot,8,0.625,0.625,0.625,0.625,0.625
spigotplugins_fakeplayer,CIMig,2,0.0,0.0,0.0,0.0,0.0
spigotplugins_fakeplayer,Zero-Shot,8,0.625,0.625,0.625,0.625,0.625
spigotplugins_fakeplayer,Fine-Tuned,2,1.0,1.0,1.0,1.0,1.0
spigotplugins_fakeplayer,Few-Shot,8,0.6875,0.75,0.625,0.75,0.625
splitio_android-client,CIMig,2,0.0,0.0,0.0,0.0,0.0
splitio_android-client,Zero-Shot,8,0.6875,0.75,0.625,0.75,0.625
splitio_android-client,Fine-Tuned,2,1.0,1.0,1.0,1.0,1.0
splitio_android-client,Few-Shot,8,0.75,0.75,0.75,0.75,0.75
spring-cloud_spring-cloud-zookeeper,CIMig,2,0.0,0.0,0.0,0.0,0.0
spring-cloud_spring-cloud-zookeeper,Zero-Shot,8,0.5,0.5,0.5,0.5,0.5
spring-cloud_spring-cloud-zookeeper,Fine-Tuned,2,1.0,1.0,1.0,1.0,1.0
spring-cloud_spring-cloud-zookeeper,Few-Shot,8,0.6875,0.75,0.625,0.75,0.625
spring-labs_org.openwms.services,CIMig,2,0.0,0.0,0.0,0.0,0.0
sqlancer_sqlancer,CIMig,2,0.0,0.0,0.0,0.0,0.0
starnowski_bmunit-extension,CIMig,2,0.0,0.0,0.0,0.0,0.0
t1_logging-interceptor,CIMig,2,0.0,0.0,0.0,0.0,0.0
tanersener_smart-exception,CIMig,2,0.0,0.0,0.0,0.0,0.0
tanersener_smart-exception,Zero-Shot,8,0.6875,0.75,0.625,0.75,0.625
tanersener_smart-exception,Fine-Tuned,2,1.0,1.0,1.0,1.0,1.0
tanersener_smart-exception,Few-Shot,8,0.6875,0.75,0.625,0.75,0.625
tdebatty_java-string-similarity,CIMig,2,0.0,0.0,0.0,0.0,0.0
tdebatty_java-string-similarity,Zero-Shot,8,0.6875,0.75,0.625,0.75,0.625
tdebatty_java-string-similarity,Fine-Tuned,2,1.0,1.0,1.0,1.0,1.0
tdebatty_java-string-similarity,Few-Shot,8,0.75,0.75,0.75,0.75,0.75
tdf_odftoolkit,CIMig,2,0.0,0.0,0.0,0.0,0.0
tdf_odftoolkit,Zero-Shot,8,0.875,0.875,0.875,0.875,0.875
tdf_odftoolkit,Fine-Tuned,2,1.0,1.0,1.0,1.0,1.0
tdf_odftoolkit,Few-Shot,8,0.75,0.75,0.75,0.75,0.75
teverett_jvmBASIC,CIMig,2,0.0,0.0,0.0,0.0,0.0
thepieterdc_dodona-plugin-jetbrains,CIMig,2,0.5,0.5,0.5,0.5,0.5
thepieterdc_dodona-plugin-jetbrains,Zero-Shot,8,0.8125,0.875,0.75,0.875,0.75
thepieterdc_dodona-plugin-jetbrains,Fine-Tuned,2,1.0,1.0,1.0,1.0,1.0
thepieterdc_dodona-plugin-jetbrains,Few-Shot,8,0.75,0.75,0.75,0.75,0.75
tomtom-international_james,CIMig,2,0.0,0.0,0.0,0.0,0.0
tonivade_zeromock,CIMig,2,0.0,0.0,0.0,0.0,0.0
tsandmann_ct-sim,CIMig,2,0.0,0.0,0.0,0.0,0.0
tsandmann_ct-sim,Zero-Shot,8,0.875,0.875,0.875,0.875,0.875
tsandmann_ct-sim,Fine-Tuned,2,1.0,1.0,1.0,1.0,1.0
tsandmann_ct-sim,Few-Shot,8,0.75,0.75,0.75,0.75,0.75
tsjensen_sercoll,CIMig,2,0.0,0.0,0.0,0.0,0.0
tsjensen_sercoll,Zero-Shot,8,0.625,0.625,0.625,0.625,0.625
tsjensen_sercoll,Fine-Tuned,2,1.0,1.0,1.0,1.0,1.0
tsjensen_sercoll,Few-Shot,8,0.625,0.625,0.625,0.625,0.625
typetools_guava,CIMig,2,0.0,0.0,0.0,0.0,0.0
typetools_guava,Zero-Shot,8,0.625,0.75,0.5,0.75,0.5
typetools_guava,Fine-Tuned,2,1.0,1.0,1.0,1.0,1.0
typetools_guava,Few-Shot,8,0.5625,0.625,0.5,0.625,0.5
utarwyn_SuperJukebox,CIMig,2,0.0,0.0,0.0,0.0,0.0
utarwyn_SuperJukebox,Zero-Shot,8,0.5625,0.625,0.5,0.625,0.5
utarwyn_SuperJukebox,Fine-Tuned,2,1.0,1.0,1.0,1.0,1.0
utarwyn_SuperJukebox,Few-Shot,8,0.5,0.5,0.5,0.5,0.5
uw-loci_misc-plugins,CIMig,2,0.0,0.0,0.0,0.0,0.0
uw-loci_misc-plugins,Zero-Shot,8,0.5625,0.75,0.375,0.75,0.375
uw-loci_misc-plugins,Fine-Tuned,2,1.0,1.0,1.0,1.0,1.0
uw-loci_misc-plugins,Few-Shot,8,0.5625,0.625,0.5,0.625,0.5
vert-x3_vertx-bridge-common,CIMig,2,0.0,0.0,0.0,0.0,0.0
vert-x3_vertx-bridge-common,Zero-Shot,8,0.625,0.875,0.375,0.875,0.375
vert-x3_vertx-bridge-common,Fine-Tuned,2,1.0,1.0,1.0,1.0,1.0
vert-x3_vertx-bridge-common,Few-Shot,8,0.375,0.5,0.25,0.5,0.25
vert-x3_vertx-starter,CIMig,2,0.5,0.5,0.5,0.5,0.5
vert-x3_vertx-web,CIMig,2,0.0,0.0,0.0,0.0,0.0
vert-x3_vertx-web,Zero-Shot,8,0.5,0.75,0.25,0.75,0.25
vert-x3_vertx-web,Fine-Tuned,2,0.75,1.0,0.5,1.0,0.5
vert-x3_vertx-web,Few-Shot,8,0.5,0.625,0.375,0.625,0.375
vlingo_xoom-turbo,CIMig,2,0.0,0.0,0.0,0.0,0.0
vlingo_xoom-turbo,Zero-Shot,8,0.4375,0.5,0.375,0.5,0.375
vlingo_xoom-turbo,Fine-Tuned,2,1.0,1.0,1.0,1.0,1.0
vlingo_xoom-turbo,Few-Shot,8,0.5625,0.75,0.375,0.75,0.375
wcm-io-devops_conga-sling-plugin,CIMig,2,0.0,0.0,0.0,0.0,0.0
wcm-io-devops_conga-sling-plugin,Zero-Shot,8,0.625,0.625,0.625,0.625,0.625
wcm-io-devops_conga-sling-plugin,Fine-Tuned,2,1.0,1.0,1.0,1.0,1.0
wcm-io-devops_conga-sling-plugin,Few-Shot,8,0.6875,0.75,0.625,0.75,0.625
wcm-io-devops_maven-nodejs-proxy,CIMig,2,0.0,0.0,0.0,0.0,0.0
wte4j_wte4j,CIMig,2,0.0,0.0,0.0,0.0,0.0
wte4j_wte4j,Zero-Shot,8,0.625,0.625,0.625,0.625,0.625
wte4j_wte4j,Fine-Tuned,2,0.5,0.5,0.5,0.5,0.5
wte4j_wte4j,Few-Shot,8,0.75,0.75,0.75,0.75,0.75
xenit-eu_alfresco-docker-gradle-plugin,CIMig,2,0.0,0.0,0.0,0.0,0.0
xenit-eu_alfresco-docker-gradle-plugin,Zero-Shot,8,0.5,0.625,0.375,0.625,0.375
xenit-eu_alfresco-docker-gradle-plugin,Fine-Tuned,2,0.75,1.0,0.5,1.0,0.5
xenit-eu_alfresco-docker-gradle-plugin,Few-Shot,8,0.5,0.625,0.375,0.625,0.375
xerial_sqlite-jdbc,CIMig,2,0.0,0.0,0.0,0.0,0.0
xerial_sqlite-jdbc,Zero-Shot,8,0.75,0.75,0.75,0.75,0.75
xerial_sqlite-jdbc,Fine-Tuned,2,1.0,1.0,1.0,1.0,1.0
xerial_sqlite-jdbc,Few-Shot,8,0.8125,0.875,0.75,0.875,0.75
xuxueli_xxl-job,CIMig,2,0.0,0.0,0.0,0.0,0.0
xuxueli_xxl-job,Zero-Shot,8,0.6875,0.75,0.625,0.75,0.625
xuxueli_xxl-job,Fine-Tuned,2,1.0,1.0,1.0,1.0,1.0
xuxueli_xxl-job,Few-Shot,8,0.75,0.75,0.75,0.75,0.75
xvik_dropwizard-orient-server,CIMig,2,0.0,0.0,0.0,0.0,0.0
xvik_yaml-updater,CIMig,2,0.25,0.5,0.0,0.5,0.0
yuxuanchiadm_SkyCraftUpdater,CIMig,2,0.0,0.0,0.0,0.0,0.0
yuxuanchiadm_SkyCraftUpdater,Zero-Shot,8,0.625,0.625,0.625,0.625,0.625
yuxuanchiadm_SkyCraftUpdater,Fine-Tuned,2,1.0,1.0,1.0,1.0,1.0
yuxuanchiadm_SkyCraftUpdater,Few-Shot,8,0.625,0.625,0.625,0.625,0.625
zhanhb_thymeleaf-layout-dialect,CIMig,2,0.0,0.0,0.0,0.0,0.0
